<?xml version="1.0" encoding="UTF-8"?>
<!DOCTYPE mapper PUBLIC "-//mybatis.org//DTD Mapper 3.0//EN" "http://mybatis.org/dtd/mybatis-3-mapper.dtd">

<mapper namespace="com.bitc.mapper.BlogMapper">
	<select id="selectBlogList" resultType="com.bitc.dto.BlogWriteDto">
		<![CDATA[ 
			SELECT
				idx, title, creator_id, created_dt, hit_cnt
			FROM
				t_blog
			Where
				deleted_yn="N"
			ORDER BY
				idx DESC
		]]>
	</select>
	
	<insert id="insertBlog" parameterType="com.bitc.dto.BlogWriteDto">
		<![CDATA[
			INSERT INTO
				t_blog (title, contents, creator_id, created_dt, updator_id, updated_dt)
			VALUES
				(#{title}, #{contents}, #{creatorId}, NOW(), #{creatorId}, NOW())
		]]>
	</insert>
	
	<select id="selectBlogDetail" parameterType="int" resultType="com.bitc.dto.BlogWriteDto">
		<![CDATA[
			SELECT
				idx, title, creator_id, contents
			FROM
				t_blog
			WHERE
				idx = #{idx}
			AND
				deleted_yn = 'N'
		]]>
	</select>
	
	<update id="deleteBlog" parameterType="int">
		<![CDATA[
			UPDATE
				t_blog
			SET
				deleted_yn = 'Y'
			WHERE
				idx = #{idx}
		]]>
	</update>

	
	<update id="updateBlog" parameterType="com.bitc.dto.BlogWriteDto">
		<![CDATA[
			UPDATE
				t_blog
			SET
				title = #{title} , updator_id = #{updatorId}, contents = #{contents}, updated_dt = NOW()
			WHERE
				idx = #{idx}
			AND
				deleted_yn = 'N'
		]]>
	</update>
	
</mapper>











