<?xml version="1.0" encoding="UTF-8"?>
<!DOCTYPE mapper PUBLIC "-//mybatis.org//DTD Mapper 3.0//EN" "http://mybatis.org/dtd/mybatis-3-mapper.dtd">

<mapper namespace="com.bitc.mapper.AdminInquiryMapper">
	<select id="selectAdminInquiry" resultType="com.bitc.dto.AdminInquiryDto">
		<![CDATA[ 
			SELECT
				inquiry_idx, inquiry_title, inquiry_contents, inquiry_date, admin_store, deleted_yn, response_yn, inquiry_response_title, inquiry_response_contents, inquiry_response_date, customers_nick_name 
			FROM
				inquiry_board
			Where
				deleted_yn="N"
			ORDER BY
				inquiry_idx DESC
		]]>
	</select>
	<!--useGenderatedKeys와 keyProperty-->
	<insert id="insertAdminInquiry" parameterType="com.bitc.dto.AdminInquiryDto" useGeneratedKeys="true" keyProperty="inquiryIdx">
		<![CDATA[
			INSERT INTO
				product (product_category_idx, product_name, product_price, product_description, product_stock_cnt, admin_store)
			VALUES
				(#{productCategoryIdx}, #{productName}, #{productPrice}, #{productDescription}, #{productStockCnt}, 'eee')
		]]>
	</insert>
	
	<select id="selectAdminInquiryDetail" parameterType="int" resultType="com.bitc.dto.AdminInquiryDto">
		<![CDATA[
			SELECT
				inquiry_idx, inquiry_title, inquiry_contents, inquiry_date, admin_store, deleted_yn, response_yn, inquiry_response_title, inquiry_response_contents, inquiry_response_date, customers_nick_name
			FROM
				inquiry_board
			WHERE
				inquiry_idx = #{inquiryIdx}
			AND
				deleted_yn = 'N'
		]]>
	</select>
	
	<update id="deleteAdminInquiry" parameterType="int">
		<![CDATA[
			UPDATE
				inquiry_board
			SET
				deleted_yn = 'Y'
			WHERE
				product_idx = #{productIdx}
		]]>
	</update>

	
	<update id="updateAdminInquiry" parameterType="com.bitc.dto.AdminInquiryDto">
		<![CDATA[
			UPDATE
				inquiry_board
			SET
				inquiry_response_title = #{inquiryResponseTitle},inquiry_response_contents = #{inquiryResponseContents}, inquiry_response_date = NOW(), response_yn='Y'
			WHERE
				inquiry_idx = #{inquiryIdx}
			AND
				deleted_yn = 'N'
		]]>
	</update>
	
	<insert id="insertAdmininquiryFileList" parameterType="com.bitc.dto.AdminInquiryFileDto">
		<![CDATA[
			INSERT INTO inquiry_board_file
				(inquiry_idx, original_file_name, stored_file_path, file_size, customers_nick_name)
			VALUES
		]]>
		<foreach collection="list" item="item" separator=",">
			(#{item.inquiryIdx},
			#{item.originalFileName},
			#{item.storedFilePath},
			#{item.fileSize},
			'nickname5')
		</foreach>
	</insert>
	<!--저번과 같은 실수가 일어남 sql문에서 select할때에는 필요없다고 생각하더라도 전체를 다 읽어 오는 편이 오류를 줄일 수 있을듯-->
	<select id="selectAdminInquiryFileList" parameterType="int" resultType="com.bitc.dto.AdminInquiryFileDto">
		<![CDATA[
			SELECT
				inquiry_idx, file_idx, original_file_name, stored_file_path,
				FORMAT(ROUND(file_size / 1024), 0) AS file_size
			FROM
				inquiry_board_file
			WHERE
				inquiry_idx = #{inquiryIdx}
			AND
				deleted_yn = 'N'
		]]>
	</select>
	
	<!-- map : 매개변수가 1개일 경우 해당 매개변수의 타입을 사용하면 되고, 여러개일 경우 DTO 클래스 타입을 생성하여 매개변수의 타입을 지정하면되나, 매개변수의 타입 지정을 위해 DTO 클래스를 생성하기에는 애매할 경우 사용하는 것이 map 타입임 -->
	<select id="selectAdminInquiryFileInfo" parameterType="map" resultType="com.bitc.dto.AdminInquiryFileDto">
		<![CDATA[
			SELECT
				original_file_name, stored_file_path, file_size
			FROM
				inquiry_board_file
			WHERE
				file_idx = #{fileIdx}
			AND
				inquiry_idx = #{boardIdx}
			AND
				deleted_yn = 'N'
		]]>
	</select>
</mapper>











