<?xml version="1.0" encoding="UTF-8"?>
<!DOCTYPE mapper PUBLIC "-//mybatis.org//DTD Mapper 3.0//EN" "http://mybatis.org/dtd/mybatis-3-mapper.dtd">

<mapper namespace="com.bitc.mapper.CustomerMapper">

	<select id="idCheck" resultType="com.bitc.dto.CustomerDto">
		<![CDATA[ 
			SELECT
				*
			FROM
				customers
			WHERE
				customer_id = #{customerId}
		]]>
	</select>
	
	<select id="nickNameCheck" resultType="com.bitc.dto.CustomerDto">
		<![CDATA[ 
			SELECT
				*
			FROM
				customers
			WHERE
				customer_nick_name = #{customerNickName}
		]]>
	</select>
	
	<insert id="insertCustomer" parameterType="com.bitc.dto.CustomerDto">
		<![CDATA[ 
			INSERT INTO
				customers (customer_email, customer_id, customer_pw, customer_name, customer_nick_name)
			VALUES
				(#{customerEmail}, #{customerId}, #{customerPw}, #{customerName}, #{customerNickName})
		]]>
	</insert>
	
	<select id="selectCustomerInfoYn" parameterType="map" resultType="int">
		<![CDATA[ 
			SELECT
				COUNT(*) AS cnt
			FROM
				customers
			WHERE
				customer_id = #{customerId}
			AND
				customer_pw = #{customerPw}
			AND
				deleted_yn = 'N'
		]]>
	</select>
	
	<select id="selectCustomerDetail" parameterType="String" resultType="com.bitc.dto.CustomerDto">
		<![CDATA[ 
			SELECT
				customer_email, customer_id, customer_pw, customer_name, customer_nick_name, customer_address, customer_phone, customer_level
			FROM
				customers
			WHERE
				customer_id = #{customerId}
			AND
				deleted_yn = 'N'
		]]>
	</select>

	<update id="editCustomerDetail" parameterType="com.bitc.dto.CustomerDto">
		<![CDATA[
			UPDATE
				customers
			SET
				customer_email = #{customerEmail}, customer_pw = #{customerPw}, customer_name = #{customerName}, customer_address = #{customerAddress}, customer_phone = #{customerPhone}
			WHERE
				customer_id = #{customerId}
			AND
				deleted_yn = 'N'
		]]>
	</update>
	
	<update id="deleteAccount" parameterType="String">
		<![CDATA[
			UPDATE
				customers
			SET
				deleted_yn = 'Y'
			WHERE
				customer_id = #{customerId}
			AND
				deleted_yn = 'N'
		]]>
	</update>
	

	<select id="selectOrderList" resultType="com.bitc.dto.OrdersDto">
		<![CDATA[ 
			SELECT
				order_idx, customer_idx, order_date, dispatched_yn
			from
				orders
			WHERE
				customer_idx = #{customerIdx}
		]]>
	</select>
	
	<select id="memberinfo" resultType="com.bitc.dto.CustomerDto">
		<![CDATA[
			SELECT
				*
			FROM
				customers
			WHERE
				customer_id = #{customerId}
			AND
				deleted_yn = 'N'
		]]>
	</select>
	
</mapper>